Время измерения,Вес(kg),Содержание жира(%),Индекс массы тела,Скелетные мыщцы(%),Мышечная масса(kg),Белки(%),Скорость обмена веществ(kcal),Масса тела без учета жира(kg),Подкожно-жировая клетчатка(%),Висцеральный жир,Содержание воды в организме(%),Костная масса(kg),Метаболический возраст,MAC-адрес устройства,Имя устройства
23/08/2026 08:36:13,120.7,34.2,35.3,42.4,75.3,15,2082,79.3,29.2,17,47.4,3.97,41,FF:04:00:15:2A:16,KT-838
23/08/2026 08:22:27,120.8,34.3,35.3,42.5,75.4,15,2084,79.4,29.2,17,47.5,3.97,41,FF:04:00:15:2A:16,KT-838
22/08/2026 08:59:54,120.5,34.1,35.2,42.6,75.4,15,2085,79.4,29,17,47.6,3.97,41,FF:04:00:15:2A:16,KT-838
22/08/2026 08:44:33,121,34.4,35.4,42.3,75.4,15,2084,79.3,29.3,17,47.3,3.97,41,FF:04:00:15:2A:16,KT-838
22/08/2026 08:43:50,121,- -,35.4,- -,- -,- -,- -,- -,- -,- -,- -,- -,- -,FF:04:00:15:2A:16,KT-838
21/08/2026 09:24:53,120.7,34.2,35.3,42.4,75.3,15,2082,79.3,29.2,17,47.4,3.97,41,FF:04:00:15:2A:16,KT-838
21/08/2026 09:24:35,120.7,34.2,35.3,42.4,75.3,15,2082,79.3,29.2,17,47.4,3.97,41,FF:04:00:15:2A:16,KT-838
20/08/2026 19:14:35,122.7,- -,35.9,- -,- -,- -,- -,- -,- -,- -,- -,- -,- -,FF:04:00:15:2A:16,KT-838
20/08/2026 09:23:04,121.8,34.7,35.6,42.2,75.4,14.8,2085,79.5,29.6,17,47.1,3.98,41,FF:04:00:15:2A:16,KT-838
19/08/2026 08:08:36,123,35.3,35.9,41.9,75.7,14.8,2091,79.7,29.9,18,46.8,3.99,41,FF:04:00:15:2A:16,KT-838
18/08/2026 09:00:31,122.8,35.2,35.9,41.8,75.6,14.8,2088,79.5,30,18,46.7,3.98,41,FF:04:00:15:2A:16,KT-838
17/08/2026 08:28:01,122.7,35.1,35.9,41.9,75.5,14.8,2087,79.5,30,18,46.8,3.98,41,FF:04:00:15:2A:16,KT-838
17/08/2026 08:27:33,122.7,35.1,35.9,41.9,75.5,14.8,2087,79.5,30,18,46.8,3.98,41,FF:04:00:15:2A:16,KT-838
16/08/2026 09:09:26,122.6,35.1,35.8,41.9,75.7,14.9,2091,79.6,29.8,18,46.9,3.98,41,FF:04:00:15:2A:16,KT-838
15/08/2026 08:32:47,122.8,35.2,35.9,41.9,75.6,14.8,2088,79.6,30,18,46.8,3.98,41,FF:04:00:15:2A:16,KT-838
15/08/2026 08:32:28,122.8,35.2,35.9,41.9,75.6,14.8,2088,79.6,30,18,46.8,3.98,41,FF:04:00:15:2A:16,KT-838
14/08/2026 08:40:38,124.2,35.8,36.3,41.5,75.8,14.7,2092,79.7,30.4,18,46.3,3.99,41,FF:04:00:15:2A:16,KT-838
14/08/2026 08:40:21,124.2,35.8,36.3,41.5,75.8,14.7,2092,79.7,30.4,18,46.3,3.99,41,FF:04:00:15:2A:16,KT-838
13/08/2026 08:35:59,122.5,35,35.8,42,75.6,14.8,2089,79.6,29.8,18,46.9,3.98,41,FF:04:00:15:2A:16,KT-838
13/08/2026 08:35:08,122.5,35,35.8,42,75.5,14.7,2087,79.6,29.9,18,46.9,3.98,41,FF:04:00:15:2A:16,KT-838
13/08/2026 08:34:48,122.5,35.1,35.8,41.9,75.5,14.8,2087,79.5,29.9,18,46.9,3.98,41,FF:04:00:15:2A:16,KT-838
13/08/2026 08:34:33,122.5,35,35.8,42,75.6,14.8,2089,79.6,29.8,18,46.9,3.98,41,FF:04:00:15:2A:16,KT-838
12/08/2026 18:08:43,122.7,35.1,35.9,41.9,75.5,14.8,2087,79.5,30,18,46.8,3.98,41,FF:04:00:15:2A:16,KT-838
12/08/2026 18:08:19,122.7,- -,35.9,- -,- -,- -,- -,- -,- -,- -,- -,- -,- -,FF:04:00:15:2A:16,KT-838
12/08/2026 08:01:34,122.3,34.9,35.7,42,75.6,14.9,2089,79.6,29.7,18,47,3.98,41,FF:04:00:15:2A:16,KT-838
12/08/2026 08:01:13,122.3,34.9,35.7,42,75.6,14.9,2089,79.6,29.7,18,47,3.98,41,FF:04:00:15:2A:16,KT-838
11/08/2026 07:13:33,124.1,35.8,36.3,41.5,75.7,14.6,2090,79.7,30.5,18,46.4,3.99,41,FF:04:00:15:2A:16,KT-838
10/08/2026 08:18:19,122.9,35.2,35.9,41.8,75.7,14.8,2090,79.6,29.9,18,46.8,3.98,41,FF:04:00:15:2A:16,KT-838
10/08/2026 08:18:01,122.9,35.2,35.9,41.8,75.7,14.8,2090,79.6,29.9,18,46.8,3.98,41,FF:04:00:15:2A:16,KT-838
09/08/2026 09:22:23,122.8,35.2,35.9,41.9,75.6,14.8,2088,79.6,30,18,46.8,3.98,41,FF:04:00:15:2A:16,KT-838
08/08/2026 09:53:05,123.1,35.2,36,41.8,75.7,14.7,2090,79.7,30,18,46.7,3.99,40,FF:04:00:15:2A:16,KT-838
08/08/2026 09:52:45,123.1,35.2,36,41.8,75.7,14.7,2090,79.7,30,18,46.7,3.99,40,FF:04:00:15:2A:16,KT-838
07/08/2026 08:34:18,123.7,35.5,36.1,41.7,75.9,14.7,2096,79.9,30.1,18,46.6,4,40,FF:04:00:15:2A:16,KT-838
07/08/2026 08:33:57,123.7,35.5,36.1,41.7,75.9,14.7,2096,79.9,30.1,18,46.6,4,40,FF:04:00:15:2A:16,KT-838
06/08/2026 08:41:12,124.6,35.9,36.4,41.4,75.9,14.6,2095,79.9,30.5,18,46.3,4,40,FF:04:00:15:2A:16,KT-838
06/08/2026 08:22:23,124.8,36,36.5,41.4,75.9,14.6,2095,79.9,30.6,18,46.2,4,40,FF:04:00:15:2A:16,KT-838
06/08/2026 08:22:02,124.8,36,36.5,41.4,75.9,14.6,2095,79.9,30.6,18,46.2,4,40,FF:04:00:15:2A:16,KT-838
05/08/2026 07:45:49,123.7,35.5,36.1,41.7,75.9,14.7,2096,79.9,30.1,18,46.6,4,40,FF:04:00:15:2A:16,KT-838
05/08/2026 07:45:23,123.7,35.5,36.1,41.7,75.9,14.7,2096,79.9,30.1,18,46.6,4,40,FF:04:00:15:2A:16,KT-838
05/08/2026 07:44:59,123.7,35.5,36.1,41.7,75.9,14.7,2096,79.9,30.1,18,46.6,4,40,FF:04:00:15:2A:16,KT-838
04/08/2026 08:37:13,123.6,35.4,36.1,41.7,75.9,14.8,2094,79.8,30.1,18,46.6,3.99,40,FF:04:00:15:2A:16,KT-838
03/08/2026 18:07:12,125.5,- -,36.7,- -,- -,- -,- -,- -,- -,- -,- -,- -,- -,FF:04:00:15:2A:16,KT-838
03/08/2026 08:42:28,123.9,35.6,36.2,41.6,75.8,14.7,2093,79.8,30.3,18,46.5,3.99,40,FF:04:00:15:2A:16,KT-838
03/08/2026 08:41:01,124.1,35.7,36.3,41.5,75.8,14.7,2093,79.8,30.4,18,46.4,3.99,40,FF:04:00:15:2A:16,KT-838
03/08/2026 08:40:21,124.5,35.8,36.4,41.4,75.8,14.6,2093,79.8,30.5,18,46.3,3.99,40,FF:04:00:15:2A:16,KT-838
02/08/2026 09:02:41,124.6,35.9,36.4,41.4,75.9,14.6,2095,79.9,30.5,18,46.3,4,40,FF:04:00:15:2A:16,KT-838
01/08/2026 07:40:35,124.4,35.8,36.3,41.5,76,14.7,2097,80,30.3,18,46.4,4,40,FF:04:00:15:2A:16,KT-838
01/08/2026 07:40:16,124.4,35.8,36.3,41.5,76,14.7,2097,80,30.3,18,46.4,4,40,FF:04:00:15:2A:16,KT-838
31/07/2026 08:45:05,123.9,35.6,36.2,41.7,75.8,14.6,2093,79.9,30.3,18,46.6,4,40,FF:04:00:15:2A:16,KT-838
31/07/2026 08:44:44,123.9,35.6,36.2,41.6,75.8,14.7,2093,79.8,30.3,18,46.5,3.99,40,FF:04:00:15:2A:16,KT-838
30/07/2026 08:10:06,124.1,35.6,36.3,41.5,75.8,14.7,2093,79.8,30.4,18,46.4,3.99,40,FF:04:00:15:2A:16,KT-838
30/07/2026 08:09:48,124.1,35.6,36.3,41.5,75.8,14.7,2093,79.8,30.4,18,46.4,3.99,40,FF:04:00:15:2A:16,KT-838
28/07/2026 08:00:53,125.1,36.1,36.6,41.3,75.8,14.5,2093,79.9,30.8,18,46.1,4,40,FF:04:00:15:2A:16,KT-838
28/07/2026 08:00:28,125.1,36.1,36.6,41.3,75.8,14.5,2093,79.9,30.8,18,46.1,4,40,FF:04:00:15:2A:16,KT-838
27/07/2026 08:33:58,125.8,36.4,36.8,41,75.9,14.5,2095,79.9,31,19,45.9,4,40,FF:04:00:15:2A:16,KT-838
27/07/2026 08:33:32,125.8,36.4,36.8,41,75.9,14.5,2095,79.9,31,19,45.9,4,40,FF:04:00:15:2A:16,KT-838
26/07/2026 09:00:39,125.3,36.2,36.6,41.2,75.9,14.5,2096,80,30.8,18,46.1,4,40,FF:04:00:15:2A:16,KT-838
26/07/2026 09:00:19,125.3,36.2,36.6,41.2,75.9,14.5,2096,80,30.8,18,46.1,4,40,FF:04:00:15:2A:16,KT-838
26/07/2026 08:59:50,125.3,36.2,36.6,41.2,75.9,14.5,2096,80,30.8,18,46.1,4,40,FF:04:00:15:2A:16,KT-838
25/07/2026 03:08:47,125.6,- -,36.7,- -,- -,- -,- -,- -,- -,- -,- -,- -,- -,FF:04:00:15:2A:16,KT-838
24/07/2026 08:29:51,125.5,36.3,36.7,41.1,75.9,14.6,2096,79.9,30.9,18,46,4,40,FF:04:00:15:2A:16,KT-838
24/07/2026 08:29:37,125.5,36.3,36.7,41.1,75.9,14.6,2096,79.9,30.9,18,46,4,40,FF:04:00:15:2A:16,KT-838
24/07/2026 08:29:22,125.5,36.3,36.7,41.1,75.9,14.6,2096,79.9,30.9,18,46,4,40,FF:04:00:15:2A:16,KT-838
24/07/2026 08:29:03,125.5,36.3,36.7,41.1,75.9,14.6,2096,79.9,30.9,18,46,4,40,FF:04:00:15:2A:16,KT-838
24/07/2026 08:28:41,125.7,36.4,36.7,41.1,76.1,14.6,2099,80,30.8,19,46,4,40,FF:04:00:15:2A:16,KT-838
23/07/2026 07:36:55,125.9,36.5,36.8,41,75.9,14.4,2096,80,31,19,45.9,4,40,FF:04:00:15:2A:16,KT-838
23/07/2026 07:36:33,125.9,36.4,36.8,41,75.9,14.4,2096,80,31,19,45.9,4,40,FF:04:00:15:2A:16,KT-838
22/07/2026 09:15:03,127.2,37,37.2,40.6,76,14.3,2098,80,31.5,19,45.4,4,40,FF:04:00:15:2A:16,KT-838
21/07/2026 08:29:52,127.9,37.3,37.4,40.5,76.1,14.3,2099,80.1,31.8,19,45.2,4.01,40,FF:04:00:15:2A:16,KT-838
21/07/2026 08:29:30,127.9,37.3,37.4,40.5,76.1,14.3,2099,80.1,31.8,19,45.2,4.01,40,FF:04:00:15:2A:16,KT-838
20/07/2026 08:07:03,127.1,37,37.1,40.8,76.2,14.4,2102,80.2,31.3,19,45.6,4.01,40,FF:04:00:15:2A:16,KT-838
20/07/2026 08:06:01,127.1,37,37.1,40.8,76.2,14.4,2102,80.2,31.3,19,45.6,4.01,40,FF:04:00:15:2A:16,KT-838
20/07/2026 07:32:28,127.4,37.1,37.2,40.7,76.1,14.3,2100,80.2,31.5,19,45.5,4.01,40,FF:04:00:15:2A:16,KT-838
19/07/2026 07:39:56,126.6,36.8,37,40.8,76,14.4,2098,80,31.3,19,45.6,4,40,FF:04:00:15:2A:16,KT-838
19/07/2026 07:39:23,126.6,36.7,37,40.9,76,14.4,2098,80.1,31.3,19,45.7,4.01,40,FF:04:00:15:2A:16,KT-838
17/07/2026 08:06:18,127.2,37,37.2,40.6,76,14.3,2098,80,31.5,19,45.4,4,40,FF:04:00:15:2A:16,KT-838
17/07/2026 08:05:53,127.2,37,37.2,40.6,76,14.3,2098,80,31.5,19,45.4,4,40,FF:04:00:15:2A:16,KT-838
16/07/2026 08:26:45,127.6,37.2,37.3,40.6,76,14.2,2098,80.1,31.7,19,45.3,4.01,40,FF:04:00:15:2A:16,KT-838
16/07/2026 08:26:29,127.6,37.2,37.3,40.6,76.1,14.3,2100,80.1,31.6,19,45.3,4.01,40,FF:04:00:15:2A:16,KT-838
16/07/2026 08:26:04,127.6,37.2,37.3,40.6,76.1,14.3,2100,80.1,31.6,19,45.3,4.01,40,FF:04:00:15:2A:16,KT-838
15/07/2026 07:48:33,128.3,37.5,37.5,40.3,76.1,14.2,2099,80.1,31.9,19,45.1,4.01,40,FF:04:00:15:2A:16,KT-838
15/07/2026 07:48:13,128.3,37.5,37.5,40.4,76.2,14.2,2102,80.2,31.8,19,45.1,4.01,40,FF:04:00:15:2A:16,KT-838
14/07/2026 08:15:42,127.8,37.3,37.3,40.5,76.2,14.4,2103,80.2,31.6,19,45.3,4.01,40,FF:04:00:15:2A:16,KT-838
14/07/2026 08:15:13,127.8,37.3,37.3,40.5,76.2,14.4,2103,80.2,31.6,19,45.3,4.01,40,FF:04:00:15:2A:16,KT-838
13/07/2026 07:56:36,127.4,37.1,37.2,40.7,76.1,14.3,2100,80.2,31.5,19,45.5,4.01,40,FF:04:00:15:2A:16,KT-838
13/07/2026 07:56:20,127.4,37.1,37.2,40.7,76.1,14.3,2100,80.2,31.5,19,45.5,4.01,40,FF:04:00:15:2A:16,KT-838
12/07/2026 08:43:11,128,37.4,37.4,40.5,76.1,14.2,2100,80.2,31.8,19,45.2,4.01,40,FF:04:00:15:2A:16,KT-838
12/07/2026 08:42:51,128,37.4,37.4,40.5,76.1,14.2,2100,80.2,31.8,19,45.2,4.01,40,FF:04:00:15:2A:16,KT-838
11/07/2026 08:36:57,128.2,37.5,37.5,40.4,76.1,14.3,2100,80.1,31.8,19,45.1,4.01,40,FF:04:00:15:2A:16,KT-838
11/07/2026 08:36:18,128.5,37.6,37.5,40.3,76.2,14.2,2101,80.2,31.9,19,45.1,4.01,40,FF:04:00:15:2A:16,KT-838
10/07/2026 08:54:42,128.5,37.6,37.5,40.3,76.2,14.2,2101,80.2,31.9,19,45.1,4.01,40,FF:04:00:15:2A:16,KT-838
10/07/2026 08:54:26,128.5,37.6,37.5,40.4,76.3,14.3,2104,80.3,31.8,19,45.1,4.02,40,FF:04:00:15:2A:16,KT-838
09/07/2026 08:15:13,129,37.8,37.7,40.2,76.1,14.1,2100,80.2,32.2,19,44.9,4.01,40,FF:04:00:15:2A:16,KT-838
09/07/2026 08:14:52,129,37.8,37.7,40.2,76.2,14.2,2103,80.2,32.1,19,44.9,4.01,40,FF:04:00:15:2A:16,KT-838
08/07/2026 08:31:34,130.3,38.4,38.1,39.8,76.3,14.1,2103,80.2,32.6,20,44.4,4.01,40,FF:04:00:15:2A:16,KT-838
08/07/2026 08:31:13,130.3,38.4,38.1,39.8,76.1,14,2100,80.2,32.7,20,44.4,4.01,40,FF:04:00:15:2A:16,KT-838
07/07/2026 09:02:13,130.8,38.6,38.2,39.7,76.3,14,2104,80.3,32.7,20,44.3,4.02,40,FF:04:00:15:2A:16,KT-838
07/07/2026 08:47:11,131.3,38.8,38.4,39.5,76.2,13.9,2102,80.2,33,20,44.1,4.01,40,FF:04:00:15:2A:16,KT-838
06/07/2026 08:05:44,129.6,38.1,37.9,39.9,76.1,14.1,2100,80.1,32.4,20,44.6,4.01,40,FF:04:00:15:2A:16,KT-838
06/07/2026 08:05:24,129.6,38.1,37.9,40,76.1,14,2100,80.2,32.4,20,44.7,4.01,40,FF:04:00:15:2A:16,KT-838
05/07/2026 07:28:56,128.7,37.7,37.6,40.3,76.2,14.2,2101,80.2,32,19,45,4.01,40,FF:04:00:15:2A:16,KT-838
05/07/2026 07:28:38,128.7,37.7,37.6,40.3,76.2,14.2,2101,80.2,32,19,45,4.01,40,FF:04:00:15:2A:16,KT-838
05/07/2026 07:28:15,128.7,37.7,37.6,40.3,76.2,14.2,2101,80.2,32,19,45,4.01,40,FF:04:00:15:2A:16,KT-838
05/07/2026 07:27:32,129.7,38.1,37.9,39.9,76.3,14.2,2104,80.2,32.3,20,44.6,4.01,40,FF:04:00:15:2A:16,KT-838
04/07/2026 03:28:23,129.5,38.1,37.8,40.1,76.3,14.1,2104,80.3,32.2,20,44.8,4.02,40,FF:04:00:15:2A:16,KT-838
04/07/2026 03:20:36,129.3,38,37.8,40.1,76.2,14.1,2101,80.2,32.3,20,44.8,4.01,40,FF:04:00:15:2A:16,KT-838
04/07/2026 03:17:26,129,37.8,37.7,40.2,76.1,14.1,2100,80.2,32.2,19,44.9,4.01,40,FF:04:00:15:2A:16,KT-838
03/07/2026 10:57:07,130.4,- -,38.1,- -,- -,- -,- -,- -,- -,- -,- -,- -,- -,FF:04:00:15:2A:16,KT-838
02/07/2026 07:41:49,130.3,38.4,38.1,39.8,76.1,14,2100,80.2,32.7,20,44.4,4.01,40,FF:04:00:15:2A:16,KT-838
02/07/2026 07:41:30,130.3,38.4,38.1,39.8,76.1,14,2100,80.2,32.7,20,44.4,4.01,40,FF:04:00:15:2A:16,KT-838
02/07/2026 07:41:09,130,38.3,38,39.9,76.2,14.1,2102,80.2,32.5,20,44.5,4.01,40,FF:04:00:15:2A:16,KT-838
02/07/2026 07:40:51,130.3,38.4,38.1,39.8,76.1,14,2100,80.2,32.7,20,44.4,4.01,40,FF:04:00:15:2A:16,KT-838
01/07/2026 09:03:42,130.9,38.7,38.2,39.7,76.4,14,2106,80.4,32.7,20,44.3,4.02,40,FF:04:00:15:2A:16,KT-838
01/07/2026 09:03:16,130.9,38.7,38.2,39.7,76.4,14,2106,80.4,32.7,20,44.3,4.02,40,FF:04:00:15:2A:16,KT-838
01/07/2026 09:02:52,130.9,38.7,38.2,39.7,76.4,14,2106,80.4,32.7,20,44.3,4.02,40,FF:04:00:15:2A:16,KT-838
30/06/2026 09:34:01,131,38.7,38.3,39.5,76.2,13.9,2101,80.2,32.9,20,44.2,4.01,40,FF:04:00:15:2A:16,KT-838
29/06/2026 08:58:24,131.2,38.8,38.3,39.5,76.3,14,2104,80.3,32.9,20,44.2,4.02,40,FF:04:00:15:2A:16,KT-838
29/06/2026 07:45:22,131.5,- -,38.4,- -,- -,- -,- -,- -,- -,- -,- -,- -,- -,FF:04:00:15:2A:16,KT-838
28/06/2026 11:26:26,131.2,- -,38.3,- -,- -,- -,- -,- -,- -,- -,- -,- -,- -,FF:04:00:15:2A:16,KT-838
28/06/2026 08:37:52,131.1,38.8,38.3,39.6,76.2,13.9,2103,80.3,32.9,20,44.2,4.02,40,FF:04:00:15:2A:16,KT-838
27/06/2026 09:57:20,131.4,38.9,38.4,39.5,76.3,13.9,2104,80.3,33,20,44.1,4.02,40,FF:04:00:15:2A:16,KT-838
27/06/2026 09:57:04,131.4,38.9,38.4,39.5,76.3,13.9,2104,80.3,33,20,44.1,4.02,40,FF:04:00:15:2A:16,KT-838
26/06/2026 09:05:02,131.7,39,38.5,39.4,76.2,13.8,2102,80.3,33.2,20,44,4.02,40,FF:04:00:15:2A:16,KT-838
26/06/2026 09:04:39,131.7,39,38.5,39.4,76.2,13.8,2102,80.3,33.2,20,44,4.02,40,FF:04:00:15:2A:16,KT-838
25/06/2026 08:52:32,132,39.2,38.6,39.2,76.2,13.9,2103,80.2,33.2,20,43.9,4.01,40,FF:04:00:15:2A:16,KT-838
25/06/2026 08:07:07,132.1,39.2,38.6,39.3,76.3,13.9,2104,80.3,33.2,20,43.9,4.02,40,FF:04:00:15:2A:16,KT-838
25/06/2026 07:38:33,132.5,- -,38.7,- -,- -,- -,- -,- -,- -,- -,- -,- -,- -,FF:04:00:15:2A:16,KT-838
24/06/2026 08:30:19,132.4,39.4,38.7,39.2,76.2,13.8,2103,80.3,33.4,20,43.8,4.02,40,FF:04:00:15:2A:16,KT-838
24/06/2026 08:29:58,132.4,39.4,38.7,39.2,76.2,13.8,2103,80.3,33.4,20,43.8,4.02,40,FF:04:00:15:2A:16,KT-838
24/06/2026 08:29:38,132.7,39.5,38.8,39.1,76.3,13.8,2104,80.3,33.5,21,43.7,4.02,40,FF:04:00:15:2A:16,KT-838
23/06/2026 08:00:48,133.4,39.8,39,38.9,76.3,13.7,2104,80.3,33.7,21,43.5,4.02,40,FF:04:00:15:2A:16,KT-838
23/06/2026 08:00:26,133.4,39.8,39,38.9,76.3,13.7,2104,80.3,33.7,21,43.5,4.02,40,FF:04:00:15:2A:16,KT-838
22/06/2026 07:58:44,131,38.7,38.3,39.5,76.2,13.9,2101,80.2,32.9,20,44.2,4.01,40,FF:04:00:15:2A:16,KT-838
21/06/2026 08:21:21,132.1,39.2,38.6,39.3,76.3,13.9,2104,80.3,33.2,20,43.9,4.02,40,FF:04:00:15:2A:16,KT-838
21/06/2026 08:21:00,132.1,- -,38.6,- -,- -,- -,- -,- -,- -,- -,- -,- -,- -,FF:04:00:15:2A:16,KT-838
21/06/2026 07:58:17,132.6,39.4,38.7,39.2,76.3,13.8,2105,80.4,33.4,20,43.8,4.02,40,FF:04:00:15:2A:16,KT-838
21/06/2026 07:57:19,132.6,39.4,38.7,39.2,76.3,13.8,2105,80.4,33.4,20,43.8,4.02,40,FF:04:00:15:2A:16,KT-838
20/06/2026 20:56:13,132.5,39.4,38.7,39.2,76.3,13.8,2104,80.3,33.4,20,43.8,4.02,40,FF:04:00:15:2A:16,KT-838
20/06/2026 10:19:27,133,39.6,38.9,39,76.2,13.7,2102,80.2,33.7,21,43.5,4.01,40,FF:04:00:15:2A:16,KT-838
19/06/2026 14:35:56,134.3,- -,39.2,- -,- -,- -,- -,- -,- -,- -,- -,- -,- -,FF:04:00:15:2A:16,KT-838
19/06/2026 08:50:51,133.4,- -,39,- -,- -,- -,- -,- -,- -,- -,- -,- -,- -,FF:04:00:15:2A:16,KT-838
19/06/2026 08:49:32,133.2,39.7,38.9,39,76.3,13.7,2104,80.4,33.7,21,43.6,4.02,40,FF:04:00:15:2A:16,KT-838
19/06/2026 08:49:19,133.2,39.7,38.9,39,76.3,13.7,2104,80.4,33.7,21,43.6,4.02,40,FF:04:00:15:2A:16,KT-838
18/06/2026 08:43:49,133.4,39.8,39,38.9,76.3,13.7,2104,80.3,33.7,21,43.5,4.02,40,FF:04:00:15:2A:16,KT-838
18/06/2026 08:42:47,133.4,39.8,39,38.9,76.3,13.7,2104,80.3,33.7,21,43.5,4.02,40,FF:04:00:15:2A:16,KT-838
18/06/2026 08:42:45,133.4,39.8,39,38.9,76.3,13.7,2104,80.3,33.7,21,43.5,4.02,40,FF:04:00:15:2A:16,KT-838
18/06/2026 08:40:15,133.7,39.9,39.1,38.8,76.2,13.7,2102,80.2,33.9,21,43.3,4.01,40,FF:04:00:15:2A:16,KT-838
17/06/2026 08:52:14,134.1,40.1,39.2,38.7,76.3,13.7,2105,80.3,34,21,43.2,4.02,40,FF:04:00:15:2A:16,KT-838
16/06/2026 08:56:51,134,40,39.2,38.7,76.3,13.7,2103,80.2,34,21,43.2,4.01,40,FF:04:00:15:2A:16,KT-838
16/06/2026 08:56:31,134,40.1,39.2,38.7,76.3,13.7,2103,80.2,34,21,43.2,4.01,40,FF:04:00:15:2A:16,KT-838
16/06/2026 08:37:39,134.2,40.1,39.2,38.7,76.4,13.6,2106,80.4,34,21,43.3,4.02,40,FF:04:00:15:2A:16,KT-838
15/06/2026 07:45:09,132.4,39.3,38.7,39.2,76.2,13.8,2103,80.3,33.4,20,43.8,4.02,40,FF:04:00:15:2A:16,KT-838
12/06/2026 09:22:32,134.2,40.1,39.2,38.7,76.4,13.6,2106,80.4,34,21,43.3,4.02,40,FF:04:00:15:2A:16,KT-838
12/06/2026 08:08:36,134.4,40.2,39.3,38.6,76.2,13.6,2103,80.3,34.2,21,43.1,4.02,40,FF:04:00:15:2A:16,KT-838
11/06/2026 07:57:14,135.3,- -,39.5,- -,- -,- -,- -,- -,- -,- -,- -,- -,- -,FF:04:00:15:2A:16,KT-838
11/06/2026 07:10:17,135.5,40.7,39.6,38.3,76.3,13.5,2105,80.3,34.5,21,42.8,4.02,40,FF:04:00:15:2A:16,KT-838
11/06/2026 07:09:56,135.5,40.7,39.6,38.3,76.3,13.5,2105,80.3,34.5,21,42.8,4.02,40,FF:04:00:15:2A:16,KT-838
10/06/2026 08:59:45,134.3,40.2,39.2,38.7,76.4,13.7,2107,80.4,34,21,43.2,4.02,40,FF:04:00:15:2A:16,KT-838
09/06/2026 08:37:27,135,40.5,39.4,38.5,76.4,13.6,2107,80.4,34.2,21,43,4.02,40,FF:04:00:15:2A:16,KT-838
08/06/2026 08:31:46,134.6,40.3,39.3,38.6,76.3,13.6,2105,80.4,34.1,21,43.1,4.02,40,FF:04:00:15:2A:16,KT-838
08/06/2026 08:31:16,134.6,40.3,39.3,38.6,76.3,13.6,2105,80.4,34.1,21,43.1,4.02,40,FF:04:00:15:2A:16,KT-838
07/06/2026 10:05:50,133.9,40,39.1,38.8,76.3,13.6,2105,80.4,33.9,21,43.4,4.02,40,FF:04:00:15:2A:16,KT-838
06/06/2026 08:58:01,134.4,40.2,39.3,38.6,76.2,13.6,2103,80.3,34.2,21,43.1,4.02,40,FF:04:00:15:2A:16,KT-838
06/06/2026 08:33:33,134.4,40.2,39.3,38.6,76.2,13.6,2103,80.3,34.2,21,43.1,4.02,40,FF:04:00:15:2A:16,KT-838
06/06/2026 08:32:54,134.6,40.3,39.3,38.6,76.3,13.6,2105,80.4,34.1,21,43.1,4.02,40,FF:04:00:15:2A:16,KT-838
05/06/2026 08:58:20,134.5,40.3,39.3,38.6,76.3,13.6,2104,80.3,34.2,21,43.1,4.02,40,FF:04:00:15:2A:16,KT-838
05/06/2026 08:58:01,134.5,40.3,39.3,38.6,76.3,13.6,2104,80.3,34.2,21,43.1,4.02,40,FF:04:00:15:2A:16,KT-838
04/06/2026 20:41:37,135.1,40.5,39.5,38.4,76.2,13.5,2103,80.3,34.4,21,42.9,4.02,40,FF:04:00:15:2A:16,KT-838
04/06/2026 20:41:08,135.1,- -,39.5,- -,- -,- -,- -,- -,- -,- -,- -,- -,- -,FF:04:00:15:2A:16,KT-838
04/06/2026 09:02:51,135.2,40.6,39.5,38.4,76.3,13.5,2104,80.3,34.4,21,42.9,4.02,40,FF:04:00:15:2A:16,KT-838
03/06/2026 23:29:54,136.1,- -,39.8,- -,- -,- -,- -,- -,- -,- -,- -,- -,- -,FF:04:00:15:2A:16,KT-838
03/06/2026 08:43:09,135.5,40.7,39.6,38.3,76.3,13.5,2105,80.3,34.5,21,42.8,4.02,40,FF:04:00:15:2A:16,KT-838
03/06/2026 08:42:47,135.5,40.7,39.6,38.3,76.3,13.5,2105,80.3,34.5,21,42.8,4.02,40,FF:04:00:15:2A:16,KT-838
02/06/2026 13:25:44,136,- -,39.7,- -,- -,- -,- -,- -,- -,- -,- -,- -,- -,FF:04:00:15:2A:16,KT-838
02/06/2026 09:47:32,135.4,40.7,39.6,38.3,76.3,13.6,2104,80.2,34.5,21,42.8,4.01,40,FF:04:00:15:2A:16,KT-838
02/06/2026 09:46:37,135.4,40.7,39.6,38.3,76.3,13.6,2104,80.2,34.5,21,42.8,4.01,40,FF:04:00:15:2A:16,KT-838
02/06/2026 08:07:01,135.7,40.8,39.6,38.3,76.5,13.6,2108,80.4,34.5,21,42.8,4.02,40,FF:04:00:15:2A:16,KT-838
02/06/2026 08:06:35,135.7,40.8,39.6,38.3,76.5,13.6,2108,80.4,34.5,21,42.8,4.02,40,FF:04:00:15:2A:16,KT-838
01/06/2026 07:55:47,135.7,40.8,39.6,38.3,76.3,13.5,2105,80.4,34.6,21,42.8,4.02,40,FF:04:00:15:2A:16,KT-838
01/06/2026 07:55:27,135.7,40.8,39.6,38.3,76.5,13.6,2108,80.4,34.5,21,42.8,4.02,40,FF:04:00:15:2A:16,KT-838
31/05/2026 20:42:52,136.1,- -,39.8,- -,- -,- -,- -,- -,- -,- -,- -,- -,- -,FF:04:00:15:2A:16,KT-838
31/05/2026 10:54:54,136,40.9,39.7,38.2,76.4,13.5,2106,80.4,34.6,21,42.7,4.02,40,FF:04:00:15:2A:16,KT-838
31/05/2026 10:53:12,135.7,40.8,39.6,38.3,76.5,13.6,2108,80.4,34.5,21,42.8,4.02,40,FF:04:00:15:2A:16,KT-838
31/05/2026 10:51:23,135.7,40.8,39.6,38.3,76.5,13.6,2108,80.4,34.5,21,42.8,4.02,40,FF:04:00:15:2A:16,KT-838
30/05/2026 03:42:32,137.1,- -,40.1,- -,- -,- -,- -,- -,- -,- -,- -,- -,- -,FF:04:00:15:2A:16,KT-838
29/05/2026 07:30:43,136.8,41.3,40,37.9,76.2,13.3,2101,80.2,35.1,22,42.3,4.01,40,FF:04:00:15:2A:16,KT-838
29/05/2026 06:48:53,136.8,41.3,40,37.9,76.2,13.3,2101,80.2,35.1,22,42.3,4.01,40,FF:04:00:15:2A:16,KT-838
29/05/2026 06:44:03,136.8,41.3,40,37.9,76.2,13.3,2101,80.2,35.1,22,42.3,4.01,40,FF:04:00:15:2A:16,KT-838
29/05/2026 06:43:45,136.8,41.3,40,37.9,76.3,13.4,2104,80.3,35,22,42.4,4.02,40,FF:04:00:15:2A:16,KT-838
28/05/2026 08:55:33,136.7,41.3,39.9,38,76.4,13.4,2106,80.4,34.9,22,42.5,4.02,40,FF:04:00:15:2A:16,KT-838
27/05/2026 08:47:38,137.7,41.7,40.2,37.7,76.3,13.3,2104,80.3,35.3,22,42.1,4.02,40,FF:04:00:15:2A:16,KT-838
27/05/2026 08:47:18,137.7,41.7,40.2,37.7,76.3,13.3,2104,80.3,35.3,22,42.1,4.02,40,FF:04:00:15:2A:16,KT-838
26/05/2026 09:03:15,138.4,42,40.4,37.5,76.3,13.2,2103,80.3,35.6,22,41.9,4.02,40,FF:04:00:15:2A:16,KT-838
26/05/2026 09:02:51,138.4,42,40.4,37.5,76.4,13.3,2106,80.3,35.5,22,41.9,4.02,40,FF:04:00:15:2A:16,KT-838
25/05/2026 08:26:12,138.3,42,40.4,37.5,76.2,13.2,2102,80.3,35.6,22,41.9,4.02,40,FF:04:00:15:2A:16,KT-838
25/05/2026 08:25:54,138.3,42,40.4,37.5,76.3,13.3,2105,80.3,35.5,22,41.9,4.02,40,FF:04:00:15:2A:16,KT-838
24/05/2026 09:15:23,138.3,42,40.4,37.5,76.3,13.3,2105,80.3,35.5,22,41.9,4.02,40,FF:04:00:15:2A:16,KT-838
24/05/2026 09:13:44,138.3,42,40.4,37.5,76.3,13.3,2105,80.3,35.5,22,41.9,4.02,40,FF:04:00:15:2A:16,KT-838
24/05/2026 09:13:24,138.3,42,40.4,37.5,76.2,13.2,2102,80.3,35.6,22,41.9,4.02,40,FF:04:00:15:2A:16,KT-838
23/05/2026 09:09:29,138.6,42.1,40.5,37.4,76.2,13.2,2103,80.2,35.6,22,41.8,4.01,40,FF:04:00:15:2A:16,KT-838
23/05/2026 09:08:51,139,- -,40.6,- -,- -,- -,- -,- -,- -,- -,- -,- -,- -,FF:04:00:15:2A:16,KT-838
23/05/2026 09:08:40,138.2,41.9,40.4,37.5,76.3,13.3,2104,80.2,35.5,22,41.9,4.01,40,FF:04:00:15:2A:16,KT-838
23/05/2026 09:06:51,138.6,42.1,40.5,37.4,76.2,13.2,2103,80.2,35.6,22,41.8,4.01,40,FF:04:00:15:2A:16,KT-838
22/05/2026 08:15:55,139.3,42.4,40.7,37.2,76.2,13.2,2103,80.2,35.9,22,41.6,4.01,40,FF:04:00:15:2A:16,KT-838
21/05/2026 08:47:55,139.6,42.5,40.8,37.1,76.1,13,2100,80.2,36.1,22,41.5,4.01,40,FF:04:00:15:2A:16,KT-838
20/05/2026 08:35:35,139.8,42.6,40.8,37.1,76.2,13.1,2103,80.3,36,23,41.5,4.02,40,FF:04:00:15:2A:16,KT-838
20/05/2026 08:33:55,139.8,42.7,40.8,37.1,76.2,13.1,2103,80.3,36,23,41.5,4.02,40,FF:04:00:15:2A:16,KT-838
19/05/2026 08:18:37,139.5,42.5,40.8,37.1,76.1,13.1,2099,80.1,36.1,22,41.5,4.01,40,FF:04:00:15:2A:16,KT-838
18/05/2026 08:47:04,138.5,42.1,40.5,37.4,76.2,13.2,2102,80.2,35.6,22,41.8,4.01,40,FF:04:00:15:2A:16,KT-838
17/05/2026 10:07:48,137.7,41.7,40.2,37.7,76.4,13.4,2107,80.3,35.2,22,42.1,4.02,40,FF:04:00:15:2A:16,KT-838
17/05/2026 10:07:20,137.7,41.7,40.2,37.7,76.3,13.3,2104,80.3,35.3,22,42.1,4.02,40,FF:04:00:15:2A:16,KT-838
17/05/2026 10:05:18,138,41.9,40.3,37.5,76.2,13.2,2101,80.2,35.5,22,42,4.01,41,FF:04:00:15:2A:16,KT-838
16/05/2026 10:03:17,138.5,42.1,40.5,37.4,76.2,13.2,2102,80.2,35.6,22,41.8,4.01,40,FF:04:00:15:2A:16,KT-838
15/05/2026 08:59:59,139.3,42.4,40.7,37.2,76.2,13.2,2103,80.2,35.9,22,41.6,4.01,40,FF:04:00:15:2A:16,KT-838
15/05/2026 08:58:59,139.3,42.4,40.7,37.2,76.2,13.2,2103,80.2,35.9,22,41.6,4.01,40,FF:04:00:15:2A:16,KT-838
14/05/2026 09:15:28,139.7,42.6,40.8,37.1,76.2,13.1,2102,80.2,36,23,41.4,4.01,40,FF:04:00:15:2A:16,KT-838
13/05/2026 08:03:51,140.6,43,41.1,36.8,76.1,13,2101,80.1,36.4,23,41.1,4.01,40,FF:04:00:15:2A:16,KT-838
12/05/2026 09:24:44,140.6,43,41.1,36.8,76.1,13,2101,80.1,36.4,23,41.1,4.01,40,FF:04:00:15:2A:16,KT-838
11/05/2026 10:55:13,140.6,43,41.1,36.8,76.1,13,2101,80.1,36.4,23,41.1,4.01,40,FF:04:00:15:2A:16,KT-838
11/05/2026 10:34:22,140.7,43,41.1,36.8,76.2,13,2102,80.2,36.4,23,41.2,4.01,40,FF:04:00:15:2A:16,KT-838
11/05/2026 10:33:54,140.7,43,41.1,36.8,76.2,13,2102,80.2,36.4,23,41.2,4.01,40,FF:04:00:15:2A:16,KT-838
11/05/2026 10:33:37,140.7,- -,41.1,- -,- -,- -,- -,- -,- -,- -,- -,- -,- -,FF:04:00:15:2A:16,KT-838
11/05/2026 09:52:31,141,43.2,41.2,36.7,76.1,12.9,2099,80.1,36.5,23,41,4.01,40,FF:04:00:15:2A:16,KT-838
11/05/2026 09:52:08,141,43.2,41.2,36.7,76.1,12.9,2099,80.1,36.5,23,41,4.01,40,FF:04:00:15:2A:16,KT-838
11/05/2026 09:50:46,141,- -,41.2,- -,- -,- -,- -,- -,- -,- -,- -,- -,- -,FF:04:00:15:2A:16,KT-838
10/05/2026 11:21:46,140.6,43,41.1,36.8,76.1,13,2101,80.1,36.4,23,41.1,4.01,40,FF:04:00:15:2A:16,KT-838
10/05/2026 11:21:16,140.6,43,41.1,36.8,76.1,13,2101,80.1,36.4,23,41.1,4.01,40,FF:04:00:15:2A:16,KT-838
09/05/2026 12:00:41,140.9,43.1,41.2,36.7,76,12.9,2098,80.1,36.6,23,41,4.01,40,FF:04:00:15:2A:16,KT-838
09/05/2026 12:00:21,140.9,43.1,41.2,36.7,76,12.9,2098,80.1,36.6,23,41,4.01,40,FF:04:00:15:2A:16,KT-838
09/05/2026 10:55:23,141.5,43.4,41.3,36.6,76.2,12.9,2102,80.2,36.6,23,40.9,4.01,40,FF:04:00:15:2A:16,KT-838
09/05/2026 10:54:32,141.5,43.4,41.3,36.6,76.2,12.9,2102,80.2,36.6,23,40.9,4.01,40,FF:04:00:15:2A:16,KT-838
08/05/2026 06:38:04,140.9,43.1,41.2,36.7,76,13,2098,80,36.6,23,41,4,40,FF:04:00:15:2A:16,KT-838
08/05/2026 06:36:20,141.4,- -,41.3,- -,- -,- -,- -,- -,- -,- -,- -,- -,- -,FF:04:00:15:2A:16,KT-838
08/05/2026 06:35:41,140.9,43.1,41.2,36.7,76,12.9,2098,80.1,36.6,23,41,4.01,40,FF:04:00:15:2A:16,KT-838
08/05/2026 06:35:15,140.9,43.1,41.2,36.7,76,12.9,2098,80.1,36.6,23,41,4.01,40,FF:04:00:15:2A:16,KT-838
07/05/2026 08:41:17,141,43.2,41.2,36.7,76.1,12.9,2099,80.1,36.5,23,41,4.01,40,FF:04:00:15:2A:16,KT-838
07/05/2026 08:40:57,141,43.2,41.2,36.7,76.1,12.9,2099,80.1,36.5,23,41,4.01,40,FF:04:00:15:2A:16,KT-838
06/05/2026 09:05:44,141.9,43.6,41.5,36.4,76,12.9,2098,80,36.9,23,40.7,4,40,FF:04:00:15:2A:16,KT-838
06/05/2026 09:03:36,141.9,43.6,41.5,36.4,76,12.9,2098,80,36.9,23,40.7,4,40,FF:04:00:15:2A:16,KT-838
06/05/2026 09:03:18,141.9,43.6,41.5,36.4,76,12.9,2098,80,36.9,23,40.7,4,40,FF:04:00:15:2A:16,KT-838
05/05/2026 08:27:39,143.3,44.2,41.9,36,76,12.8,2097,79.9,37.4,24,40.3,4,40,FF:04:00:15:2A:16,KT-838
04/05/2026 08:31:47,143,44.1,41.8,36.1,75.9,12.8,2096,79.9,37.3,23,40.3,4,40,FF:04:00:15:2A:16,KT-838
04/05/2026 08:05:31,143.2,44.1,41.8,36.1,76,12.7,2099,80.1,37.3,23,40.4,4.01,40,FF:04:00:15:2A:16,KT-838
04/05/2026 08:05:03,143.2,44.2,41.8,36.1,76,12.7,2099,80.1,37.3,23,40.4,4.01,40,FF:04:00:15:2A:16,KT-838
03/05/2026 08:40:21,142.8,44,41.7,36.2,76.1,12.8,2100,80.1,37.1,23,40.5,4.01,40,FF:04:00:15:2A:16,KT-838
03/05/2026 08:37:34,142.8,44,41.7,36.2,76.1,12.8,2100,80.1,37.1,23,40.5,4.01,40,FF:04:00:15:2A:16,KT-838
03/05/2026 08:37:02,142.8,44,41.7,36.2,76.1,12.8,2100,80.1,37.1,23,40.5,4.01,40,FF:04:00:15:2A:16,KT-838
03/05/2026 08:34:26,143,44.1,41.8,36.1,75.9,12.8,2096,79.9,37.3,23,40.3,4,40,FF:04:00:15:2A:16,KT-838
03/05/2026 08:15:10,143.3,44.2,41.9,36,75.8,12.7,2094,79.9,37.5,24,40.3,4,40,FF:04:00:15:2A:16,KT-838
03/05/2026 08:14:28,143.3,- -,41.9,- -,- -,- -,- -,- -,- -,- -,- -,- -,- -,FF:04:00:15:2A:16,KT-838
03/05/2026 08:14:11,143,44.1,41.8,36.1,75.9,12.7,2096,80,37.3,23,40.4,4,40,FF:04:00:15:2A:16,KT-838
02/05/2026 13:13:42,143.5,44.3,41.9,36,76.1,12.8,2099,80,37.4,24,40.3,4,40,FF:04:00:15:2A:16,KT-838
02/05/2026 13:13:28,143.5,44.3,41.9,36,76.1,12.8,2099,80,37.4,24,40.3,4,40,FF:04:00:15:2A:16,KT-838
02/05/2026 11:34:14,143.9,44.5,42,35.9,76,12.7,2098,80,37.5,24,40.1,4,40,FF:04:00:15:2A:16,KT-838
02/05/2026 11:33:54,143.9,44.5,42,35.9,76,12.7,2098,80,37.5,24,40.1,4,40,FF:04:00:15:2A:16,KT-838
02/05/2026 03:24:55,144.8,- -,42.3,- -,- -,- -,- -,- -,- -,- -,- -,- -,- -,FF:04:00:15:2A:16,KT-838
01/05/2026 15:55:08,142,43.6,41.5,36.4,76.1,12.9,2099,80,36.9,23,40.7,4,40,FF:04:00:15:2A:16,KT-838
01/05/2026 15:54:49,142,- -,41.5,- -,- -,- -,- -,- -,- -,- -,- -,- -,- -,FF:04:00:15:2A:16,KT-838
01/05/2026 15:53:30,141.7,43.5,41.4,36.5,76.1,12.9,2099,80.1,36.8,23,40.8,4.01,40,FF:04:00:15:2A:16,KT-838
01/05/2026 15:51:58,141.7,43.6,41.4,36.4,75.9,12.9,2096,79.9,36.9,23,40.7,4,41,FF:04:00:15:2A:16,KT-838
01/05/2026 09:40:30,143.1,44.1,41.8,36.1,76,12.7,2097,80,37.3,23,40.4,4,40,FF:04:00:15:2A:16,KT-838
30/04/2026 08:46:55,143.9,44.5,42,35.9,76,12.7,2098,80,37.5,24,40.1,4,40,FF:04:00:15:2A:16,KT-838
30/04/2026 08:46:37,143.9,44.5,42,35.9,76,12.7,2098,80,37.5,24,40.1,4,40,FF:04:00:15:2A:16,KT-838
30/04/2026 00:46:36,145.8,- -,42.6,- -,- -,- -,- -,- -,- -,- -,- -,- -,- -,FF:04:00:15:2A:16,KT-838
29/04/2026 08:42:59,144.8,44.9,42.3,35.6,75.9,12.6,2096,79.9,37.9,24,39.8,4,40,FF:04:00:15:2A:16,KT-838
29/04/2026 08:42:31,144.8,44.9,42.3,35.6,75.9,12.6,2096,79.9,37.9,24,39.8,4,40,FF:04:00:15:2A:16,KT-838
28/04/2026 09:01:42,144.5,44.7,42.2,35.7,75.9,12.6,2096,79.9,37.8,24,39.9,4,40,FF:04:00:15:2A:16,KT-838
28/04/2026 09:01:17,144.5,44.8,42.2,35.7,75.9,12.6,2096,79.9,37.8,24,39.9,4,40,FF:04:00:15:2A:16,KT-838
27/04/2026 08:40:42,144.5,44.7,42.2,35.7,75.9,12.6,2096,79.9,37.8,24,39.9,4,40,FF:04:00:15:2A:16,KT-838
27/04/2026 08:39:58,144.5,44.7,42.2,35.7,75.9,12.6,2096,79.9,37.8,24,39.9,4,40,FF:04:00:15:2A:16,KT-838
26/04/2026 12:35:15,144.8,44.9,42.3,35.6,75.8,12.6,2093,79.8,37.9,24,39.8,3.99,40,FF:04:00:15:2A:16,KT-838
26/04/2026 12:34:55,144.8,44.9,42.3,35.6,75.8,12.6,2093,79.8,37.9,24,39.8,3.99,40,FF:04:00:15:2A:16,KT-838
26/04/2026 10:37:50,145.6,45.2,42.5,35.4,75.8,12.5,2093,79.8,38.2,24,39.6,3.99,40,FF:04:00:15:2A:16,KT-838
26/04/2026 10:37:02,145.1,45,42.4,35.5,75.8,12.5,2093,79.8,38,24,39.7,3.99,40,FF:04:00:15:2A:16,KT-838
26/04/2026 09:34:35,144.4,44.7,42.2,35.7,75.9,12.6,2094,79.8,37.8,24,39.9,3.99,40,FF:04:00:15:2A:16,KT-838
26/04/2026 09:34:24,144.4,44.7,42.2,35.7,75.9,12.6,2094,79.9,37.8,24,40,4,40,FF:04:00:15:2A:16,KT-838
26/04/2026 09:31:24,144.6,44.8,42.2,35.7,76,12.6,2097,80,37.8,24,39.9,4,40,FF:04:00:15:2A:16,KT-838
26/04/2026 08:47:05,144.4,44.7,42.2,35.7,75.9,12.6,2094,79.8,37.8,24,39.9,3.99,40,FF:04:00:15:2A:16,KT-838
26/04/2026 08:44:35,144.4,44.7,42.2,35.7,75.9,12.6,2094,79.8,37.8,24,39.9,3.99,40,FF:04:00:15:2A:16,KT-838
26/04/2026 08:42:15,144.6,- -,42.2,- -,- -,- -,- -,- -,- -,- -,- -,- -,- -,FF:04:00:15:2A:16,KT-838
26/04/2026 08:41:42,144.4,- -,42.2,- -,- -,- -,- -,- -,- -,- -,- -,- -,- -,FF:04:00:15:2A:16,KT-838
26/04/2026 08:41:25,144.6,- -,42.2,- -,- -,- -,- -,- -,- -,- -,- -,- -,- -,FF:04:00:15:2A:16,KT-838
25/04/2026 07:42:56,144.2,44.6,42.1,35.8,76,12.7,2098,80,37.6,24,40.1,4,40,FF:04:00:15:2A:16,KT-838
24/04/2026 06:48:04,144.7,44.8,42.3,35.6,75.9,12.6,2095,79.8,37.9,24,39.8,3.99,40,FF:04:00:15:2A:16,KT-838
24/04/2026 06:47:38,144.7,44.8,42.3,35.6,75.9,12.6,2095,79.8,37.9,24,39.8,3.99,40,FF:04:00:15:2A:16,KT-838
23/04/2026 07:13:37,145.2,45.1,42.4,35.5,75.9,12.6,2094,79.8,38,24,39.7,3.99,40,FF:04:00:15:2A:16,KT-838
23/04/2026 07:13:13,145.2,45.1,42.4,35.5,75.9,12.6,2094,79.8,38,24,39.7,3.99,40,FF:04:00:15:2A:16,KT-838
23/04/2026 07:04:08,145.6,45.2,42.5,35.4,75.8,12.5,2093,79.8,38.2,24,39.6,3.99,40,FF:04:00:15:2A:16,KT-838
23/04/2026 07:03:10,145.6,45.2,42.5,35.4,75.8,12.5,2093,79.8,38.2,24,39.6,3.99,40,FF:04:00:15:2A:16,KT-838
22/04/2026 09:00:07,145.5,45.2,42.5,35.4,75.9,12.6,2095,79.8,38.1,24,39.6,3.99,40,FF:04:00:15:2A:16,KT-838
22/04/2026 08:59:55,145.5,- -,42.5,- -,- -,- -,- -,- -,- -,- -,- -,- -,- -,FF:04:00:15:2A:16,KT-838
22/04/2026 08:08:22,145.6,45.2,42.5,35.4,75.8,12.5,2093,79.8,38.2,24,39.6,3.99,40,FF:04:00:15:2A:16,KT-838
22/04/2026 08:07:58,145.6,45.2,42.5,35.4,75.8,12.5,2093,79.8,38.2,24,39.6,3.99,40,FF:04:00:15:2A:16,KT-838
21/04/2026 08:53:34,145.6,45.2,42.5,35.4,75.8,12.5,2093,79.8,38.2,24,39.6,3.99,40,FF:04:00:15:2A:16,KT-838
20/04/2026 09:12:18,146,45.4,42.7,35.2,75.6,12.4,2088,79.6,38.5,24,39.4,3.98,40,FF:04:00:15:2A:16,KT-838
20/04/2026 07:04:37,146.8,45.8,42.9,35,75.6,12.3,2088,79.6,38.7,25,39.1,3.98,40,FF:04:00:15:2A:16,KT-838
20/04/2026 01:24:02,147.8,- -,43.2,- -,- -,- -,- -,- -,- -,- -,- -,- -,- -,FF:04:00:15:2A:16,KT-838
19/04/2026 08:35:39,146.6,45.7,42.8,35.1,75.8,12.4,2092,79.7,38.5,24,39.3,3.99,40,FF:04:00:15:2A:16,KT-838
19/04/2026 08:35:08,146.6,45.7,42.8,35.1,75.8,12.4,2092,79.7,38.5,24,39.3,3.99,40,FF:04:00:15:2A:16,KT-838
19/04/2026 08:34:12,146.6,45.7,42.8,35.1,75.8,12.4,2092,79.7,38.5,24,39.3,3.99,40,FF:04:00:15:2A:16,KT-838
18/04/2026 22:25:39,147.6,46.1,43.1,34.8,75.6,12.3,2088,79.6,38.9,25,38.9,3.98,40,FF:04:00:15:2A:16,KT-838
18/04/2026 08:33:27,147.3,46,43,35,75.7,12.3,2091,79.7,38.8,25,39.1,3.99,40,FF:04:00:15:2A:16,KT-838
18/04/2026 08:21:47,147.1,45.9,43,35,75.6,12.3,2088,79.6,38.8,25,39.1,3.98,40,FF:04:00:15:2A:16,KT-838
18/04/2026 08:21:23,147.1,45.9,43,34.9,75.6,12.4,2088,79.5,38.8,25,39,3.98,40,FF:04:00:15:2A:16,KT-838
17/04/2026 19:25:19,147.5,46.1,43.1,34.8,75.5,12.3,2087,79.5,38.9,25,38.9,3.98,40,FF:04:00:15:2A:16,KT-838
17/04/2026 09:11:19,147.3,46,43,35,75.7,12.3,2091,79.7,38.8,25,39.1,3.99,40,FF:04:00:15:2A:16,KT-838
17/04/2026 09:10:53,147.5,46.1,43.1,34.8,75.5,12.3,2087,79.5,38.9,25,38.9,3.98,40,FF:04:00:15:2A:16,KT-838
16/04/2026 09:02:11,147.1,45.9,43,34.9,75.6,12.4,2088,79.5,38.8,25,39,3.98,40,FF:04:00:15:2A:16,KT-838
16/04/2026 09:01:41,147.1,45.9,43,34.9,75.6,12.4,2088,79.5,38.8,25,39,3.98,40,FF:04:00:15:2A:16,KT-838
15/04/2026 06:58:40,147.8,46.2,43.2,34.7,75.5,12.3,2087,79.5,39,25,38.8,3.98,40,FF:04:00:15:2A:16,KT-838
14/04/2026 08:12:40,147.7,46.2,43.2,34.7,75.5,12.3,2086,79.4,39,25,38.8,3.97,40,FF:04:00:15:2A:16,KT-838
14/04/2026 08:12:02,147.7,46.1,43.2,34.7,75.5,12.3,2086,79.4,39,25,38.8,3.97,40,FF:04:00:15:2A:16,KT-838
13/04/2026 23:29:14,149.2,46.8,43.6,34.3,75.4,12.2,2084,79.3,39.5,25,38.4,3.97,40,FF:04:00:15:2A:16,KT-838
13/04/2026 06:52:36,148.5,- -,43.4,- -,- -,- -,- -,- -,- -,- -,- -,- -,- -,FF:04:00:15:2A:16,KT-838
13/04/2026 06:51:58,147.8,46.2,43.2,34.7,75.5,12.3,2087,79.5,39,25,38.8,3.98,40,FF:04:00:15:2A:16,KT-838
13/04/2026 06:51:30,148.2,46.4,43.3,34.7,75.5,12.2,2085,79.5,39.2,25,38.7,3.98,40,FF:04:00:15:2A:16,KT-838
13/04/2026 06:49:17,148.2,46.4,43.3,34.7,75.5,12.2,2085,79.5,39.2,25,38.7,3.98,40,FF:04:00:15:2A:16,KT-838
13/04/2026 06:48:41,148.2,46.4,43.3,34.7,75.5,12.2,2085,79.5,39.2,25,38.7,3.98,40,FF:04:00:15:2A:16,KT-838
13/04/2026 06:48:10,148.2,46.4,43.3,34.7,75.5,12.2,2085,79.5,39.2,25,38.7,3.98,40,FF:04:00:15:2A:16,KT-838
13/04/2026 06:47:42,148.2,46.4,43.3,34.7,75.5,12.2,2085,79.5,39.2,25,38.7,3.98,40,FF:04:00:15:2A:16,KT-838
12/04/2026 06:52:56,147.5,46.1,43.1,34.8,75.5,12.3,2087,79.5,38.9,25,38.9,3.98,40,FF:04:00:15:2A:16,KT-838
12/04/2026 06:41:01,147.6,46.1,43.1,34.8,75.6,12.3,2088,79.6,38.9,25,38.9,3.98,40,FF:04:00:15:2A:16,KT-838
12/04/2026 06:39:27,147.6,46.1,43.1,34.8,75.6,12.3,2088,79.6,38.9,25,38.9,3.98,40,FF:04:00:15:2A:16,KT-838
12/04/2026 06:38:38,147.6,46.1,43.1,34.8,75.6,12.3,2088,79.6,38.9,25,38.9,3.98,40,FF:04:00:15:2A:16,KT-838
12/04/2026 06:38:18,147.3,46,43,35,75.7,12.3,2091,79.7,38.8,25,39.1,3.99,40,FF:04:00:15:2A:16,KT-838
12/04/2026 06:37:56,148,46.3,43.2,34.7,75.6,12.3,2089,79.6,39,25,38.8,3.98,40,FF:04:00:15:2A:16,KT-838
12/04/2026 06:37:34,148,46.3,43.2,34.7,75.6,12.3,2089,79.6,39,25,38.8,3.98,40,FF:04:00:15:2A:16,KT-838
11/04/2026 06:42:10,148.6,46.6,43.4,34.6,75.5,12.2,2087,79.5,39.3,25,38.6,3.98,40,FF:04:00:15:2A:16,KT-838
11/04/2026 06:41:38,148.6,46.5,43.4,34.6,75.5,12.2,2087,79.5,39.3,25,38.6,3.98,40,FF:04:00:15:2A:16,KT-838
11/04/2026 06:41:11,148.6,46.6,43.4,34.5,75.5,12.3,2087,79.4,39.3,25,38.6,3.97,40,FF:04:00:15:2A:16,KT-838
10/04/2026 06:29:30,147.9,46.2,43.2,34.7,75.6,12.3,2088,79.5,39,25,38.8,3.98,40,FF:04:00:15:2A:16,KT-838
10/04/2026 06:17:44,148,46.3,43.2,34.7,75.6,12.3,2089,79.6,39,25,38.8,3.98,40,FF:04:00:15:2A:16,KT-838
10/04/2026 06:17:17,148,46.3,43.2,34.7,75.6,12.3,2089,79.6,39,25,38.8,3.98,40,FF:04:00:15:2A:16,KT-838
09/04/2026 07:06:04,148,46.3,43.2,34.7,75.6,12.3,2089,79.6,39,25,38.8,3.98,40,FF:04:00:15:2A:16,KT-838
09/04/2026 07:05:35,148,- -,43.2,- -,- -,- -,- -,- -,- -,- -,- -,- -,- -,FF:04:00:15:2A:16,KT-838
09/04/2026 07:05:23,148.2,- -,43.3,- -,- -,- -,- -,- -,- -,- -,- -,- -,- -,FF:04:00:15:2A:16,KT-838
09/04/2026 07:05:17,148.2,- -,43.3,- -,- -,- -,- -,- -,- -,- -,- -,- -,- -,FF:04:00:15:2A:16,KT-838
08/04/2026 06:48:38,147.7,46.2,43.2,34.7,75.5,12.3,2086,79.4,39,25,38.8,3.97,40,FF:04:00:15:2A:16,KT-838
08/04/2026 06:47:48,147.1,45.9,43,34.9,75.6,12.4,2088,79.5,38.8,25,39,3.98,40,FF:04:00:15:2A:16,KT-838
08/04/2026 06:47:27,147.7,46.2,43.2,34.7,75.5,12.3,2086,79.4,39,25,38.8,3.97,40,FF:04:00:15:2A:16,KT-838
07/04/2026 08:50:00,148,46.3,43.2,34.7,75.6,12.3,2089,79.6,39,25,38.8,3.98,40,FF:04:00:15:2A:16,KT-838
07/04/2026 08:49:17,148,46.3,43.2,34.7,75.6,12.3,2089,79.6,39,25,38.8,3.98,40,FF:04:00:15:2A:16,KT-838
06/04/2026 18:25:05,149,- -,43.5,- -,- -,- -,- -,- -,- -,- -,- -,- -,- -,FF:04:00:15:2A:16,KT-838
06/04/2026 08:59:19,148.7,46.6,43.4,34.5,75.6,12.2,2088,79.5,39.2,25,38.6,3.98,40,FF:04:00:15:2A:16,KT-838
05/04/2026 08:47:00,149.4,46.9,43.7,34.2,75.2,12.1,2080,79.2,39.7,25,38.3,3.96,40,FF:04:00:15:2A:16,KT-838
04/04/2026 20:40:01,150.2,47.3,43.9,34.1,75.2,12,2079,79.2,39.9,25,38.1,3.96,40,FF:04:00:15:2A:16,KT-838
04/04/2026 08:50:05,150.1,47.2,43.9,34,75.1,12,2078,79.1,39.9,25,38,3.96,40,FF:04:00:15:2A:16,KT-838
04/04/2026 08:49:26,150.1,47.2,43.9,34,75.1,12,2078,79.1,39.9,25,38,3.96,40,FF:04:00:15:2A:16,KT-838
03/04/2026 07:38:27,150,47.2,43.8,34.2,75.4,12.1,2083,79.3,39.7,25,38.2,3.97,40,FF:04:00:15:2A:16,KT-838
02/04/2026 08:07:01,150.4,47.4,43.9,34,75.3,12,2082,79.2,39.9,26,38,3.96,40,FF:04:00:15:2A:16,KT-838
02/04/2026 08:06:42,150.4,47.4,43.9,34.1,75.3,12,2082,79.3,39.9,26,38.1,3.97,40,FF:04:00:15:2A:16,KT-838
01/04/2026 07:31:08,151.2,47.7,44.2,33.8,75.1,12,2078,79,40.2,26,37.7,3.95,40,FF:04:00:15:2A:16,KT-838
31/03/2026 07:57:14,150.4,47.4,43.9,34.1,75.3,12,2082,79.3,39.9,26,38.1,3.97,40,FF:04:00:15:2A:16,KT-838
31/03/2026 07:50:59,150.8,47.5,44.1,33.8,75.1,12,2076,79,40.2,26,37.8,3.95,40,FF:04:00:15:2A:16,KT-838
31/03/2026 07:49:03,150.3,47.3,43.9,34,75.2,12,2080,79.2,39.9,26,38,3.96,40,FF:04:00:15:2A:16,KT-838
31/03/2026 07:48:41,150.8,47.5,44.1,33.8,75.1,12,2076,79,40.2,26,37.8,3.95,40,FF:04:00:15:2A:16,KT-838
31/03/2026 07:48:02,150.1,47.2,43.9,34,75.1,12,2078,79.1,39.9,25,38,3.96,40,FF:04:00:15:2A:16,KT-838
31/03/2026 07:47:46,150.3,47.3,43.9,34,75.2,12,2080,79.2,39.9,26,38,3.96,40,FF:04:00:15:2A:16,KT-838
31/03/2026 07:47:26,150.8,47.6,44.1,33.8,75.1,12,2076,79,40.2,26,37.8,3.95,40,FF:04:00:15:2A:16,KT-838
30/03/2026 08:13:30,150.5,47.4,44,34,75.2,12,2079,79.1,40,26,37.9,3.96,40,FF:04:00:15:2A:16,KT-838
30/03/2026 08:13:06,150.5,47.4,44,34,75.1,11.9,2076,79.1,40.1,26,37.9,3.96,40,FF:04:00:15:2A:16,KT-838
29/03/2026 08:10:43,150.4,47.4,43.9,34.1,75.3,12,2082,79.3,39.9,26,38.1,3.97,40,FF:04:00:15:2A:16,KT-838
29/03/2026 08:09:31,150.4,47.4,43.9,34.1,75.3,12,2082,79.3,39.9,26,38.1,3.97,40,FF:04:00:15:2A:16,KT-838
28/03/2026 10:22:59,151.3,47.8,44.2,33.8,75.2,11.9,2079,79.1,40.2,26,37.7,3.96,40,FF:04:00:15:2A:16,KT-838
27/03/2026 06:17:23,151.4,47.8,44.2,33.8,75.1,11.9,2077,79.1,40.3,26,37.7,3.96,40,FF:04:00:15:2A:16,KT-838
26/03/2026 08:32:52,152.2,48.2,44.5,33.4,74.9,11.8,2072,78.8,40.7,26,37.4,3.94,40,FF:04:00:15:2A:16,KT-838
25/03/2026 07:34:47,153.4,48.7,44.8,33.1,74.8,11.7,2069,78.7,41.1,26,37,3.94,40,FF:04:00:15:2A:16,KT-838
25/03/2026 07:33:41,153.6,- -,44.9,- -,- -,- -,- -,- -,- -,- -,- -,- -,- -,FF:04:00:15:2A:16,KT-838
24/03/2026 08:55:28,154.2,49.1,45.1,32.8,74.6,11.6,2065,78.4,41.4,27,36.7,3.92,40,FF:04:00:15:2A:16,KT-838
24/03/2026 08:22:25,154.2,49,45.1,32.9,74.6,11.6,2065,78.5,41.4,27,36.8,3.93,40,FF:04:00:15:2A:16,KT-838
23/03/2026 08:08:10,153.7,48.8,44.9,33.1,74.8,11.7,2069,78.7,41.2,26,37,3.94,40,FF:04:00:15:2A:16,KT-838
22/03/2026 09:50:08,153.5,48.7,44.9,33.1,74.7,11.7,2067,78.6,41.2,26,37,3.93,40,FF:04:00:15:2A:16,KT-838
18/03/2026 09:48:22,155.2,49.5,45.3,32.7,74.6,11.6,2066,78.5,41.6,27,36.5,3.93,40,FF:04:00:15:2A:16,KT-838
18/03/2026 09:48:00,155.2,49.5,45.3,32.7,74.6,11.6,2066,78.5,41.6,27,36.5,3.93,40,FF:04:00:15:2A:16,KT-838
17/03/2026 06:31:45,153.4,48.7,44.8,33.1,74.8,11.7,2069,78.7,41.1,26,37,3.94,40,FF:04:00:15:2A:16,KT-838
17/03/2026 06:31:19,154.1,49,45,32.9,74.7,11.6,2067,78.6,41.3,27,36.8,3.93,40,FF:04:00:15:2A:16,KT-838
16/03/2026 08:42:30,153.4,48.7,44.8,33.2,74.8,11.6,2069,78.8,41.1,26,37.1,3.94,40,FF:04:00:15:2A:16,KT-838
16/03/2026 08:42:07,153.4,48.7,44.8,33.1,74.8,11.7,2069,78.7,41.1,26,37,3.94,40,FF:04:00:15:2A:16,KT-838
15/03/2026 10:29:20,152.2,48.2,44.5,33.4,74.9,11.8,2072,78.8,40.7,26,37.4,3.94,40,FF:04:00:15:2A:16,KT-838
15/03/2026 10:28:59,152.2,48.2,44.5,33.4,74.9,11.8,2072,78.8,40.7,26,37.4,3.94,40,FF:04:00:15:2A:16,KT-838
14/03/2026 08:28:08,153,48.5,44.7,33.3,74.9,11.7,2071,78.8,40.9,26,37.2,3.94,40,FF:04:00:15:2A:16,KT-838
13/03/2026 07:04:27,152.4,48.3,44.5,33.4,75,11.8,2075,78.9,40.7,26,37.4,3.95,40,FF:04:00:15:2A:16,KT-838
12/03/2026 09:04:23,153.2,48.6,44.8,33.2,74.7,11.6,2067,78.7,41.1,26,37.1,3.94,40,FF:04:00:15:2A:16,KT-838
12/03/2026 09:02:54,153.2,48.6,44.8,33.1,74.7,11.7,2067,78.6,41.1,26,37,3.93,40,FF:04:00:15:2A:16,KT-838
08/03/2026 20:11:13,157,- -,45.9,- -,- -,- -,- -,- -,- -,- -,- -,- -,- -,FF:04:00:15:2A:16,KT-838
08/03/2026 12:56:33,155.5,49.6,45.4,32.6,74.5,11.5,2062,78.4,41.8,27,36.4,3.92,40,FF:04:00:15:2A:16,KT-838
08/03/2026 12:55:56,155.7,49.7,45.5,32.5,74.4,11.5,2061,78.3,41.9,27,36.3,3.92,40,FF:04:00:15:2A:16,KT-838
08/03/2026 11:26:52,155.6,49.7,45.5,32.5,74.4,11.5,2060,78.2,41.9,27,36.3,3.91,40,FF:04:00:15:2A:16,KT-838
07/03/2026 11:11:16,155.8,49.8,45.5,32.5,74.5,11.5,2062,78.3,41.9,27,36.3,3.92,40,FF:04:00:15:2A:16,KT-838
06/03/2026 08:19:22,157.4,50.5,46,32,74,11.3,2052,77.9,42.6,28,35.7,3.9,40,FF:04:00:15:2A:16,KT-838
05/03/2026 08:55:32,156.7,50.2,45.8,32.2,74.1,11.3,2055,78.1,42.3,27,36,3.91,40,FF:04:00:15:2A:16,KT-838
04/03/2026 09:05:40,157,50.3,45.9,32.1,74.1,11.3,2055,78,42.4,27,35.9,3.9,40,FF:04:00:15:2A:16,KT-838
03/03/2026 07:54:31,157.4,- -,46,- -,- -,- -,- -,- -,- -,- -,- -,- -,- -,FF:04:00:15:2A:16,KT-838
03/03/2026 07:54:07,157.1,- -,45.9,- -,- -,- -,- -,- -,- -,- -,- -,- -,- -,FF:04:00:15:2A:16,KT-838
03/03/2026 07:53:43,157.1,- -,45.9,- -,- -,- -,- -,- -,- -,- -,- -,- -,- -,FF:04:00:15:2A:16,KT-838
02/03/2026 08:01:50,156.7,50.2,45.8,32.2,74.1,11.4,2055,78,42.3,27,35.9,3.9,40,FF:04:00:15:2A:16,KT-838
01/03/2026 10:29:47,157,50.3,45.9,32.1,74.1,11.3,2055,78,42.4,27,35.9,3.9,40,FF:04:00:15:2A:16,KT-838
28/02/2026 07:09:13,157.3,- -,46,- -,- -,- -,- -,- -,- -,- -,- -,- -,- -,FF:04:00:15:2A:16,KT-838
28/02/2026 06:49:02,157.1,50.3,45.9,32.1,74.2,11.4,2056,78,42.4,27,35.8,3.9,40,FF:04:00:15:2A:16,KT-838
28/02/2026 06:48:40,157.1,50.3,45.9,32.1,74.2,11.4,2056,78,42.4,27,35.8,3.9,40,FF:04:00:15:2A:16,KT-838
27/02/2026 06:57:00,156.8,50.2,45.8,32.2,74.2,11.3,2056,78.1,42.3,27,36,3.91,40,FF:04:00:15:2A:16,KT-838
27/02/2026 06:56:35,157.1,50.4,45.9,32.1,74,11.3,2053,78,42.5,27,35.8,3.9,40,FF:04:00:15:2A:16,KT-838
26/02/2026 08:22:30,156.7,50.2,45.8,32.2,74.1,11.4,2055,78,42.3,27,35.9,3.9,40,FF:04:00:15:2A:16,KT-838
26/02/2026 07:26:51,156.7,50.2,45.8,32.2,74.1,11.3,2055,78.1,42.3,27,36,3.91,40,FF:04:00:15:2A:16,KT-838
25/02/2026 08:24:47,156.7,50.2,45.8,32.2,74.1,11.3,2055,78.1,42.3,27,36,3.91,40,FF:04:00:15:2A:16,KT-838
24/02/2026 21:55:05,157.8,50.7,46.1,31.9,73.9,11.2,2050,77.9,42.7,28,35.6,3.9,40,FF:04:00:15:2A:16,KT-838
24/02/2026 21:54:37,158.3,- -,46.3,- -,- -,- -,- -,- -,- -,- -,- -,- -,- -,FF:04:00:15:2A:16,KT-838
24/02/2026 08:55:43,156.9,50.3,45.8,32.2,74.2,11.4,2057,78.1,42.3,27,35.9,3.91,40,FF:04:00:15:2A:16,KT-838
24/02/2026 07:42:07,157.2,- -,45.9,- -,- -,- -,- -,- -,- -,- -,- -,- -,- -,FF:04:00:15:2A:16,KT-838
23/02/2026 16:13:33,158,- -,46.2,- -,- -,- -,- -,- -,- -,- -,- -,- -,- -,FF:04:00:15:2A:16,KT-838
23/02/2026 10:55:37,157.3,- -,46,- -,- -,- -,- -,- -,- -,- -,- -,- -,- -,FF:04:00:15:2A:16,KT-838
23/02/2026 09:24:23,157,50.3,45.9,32.1,74.1,11.3,2055,78,42.4,27,35.9,3.9,40,FF:04:00:15:2A:16,KT-838
22/02/2026 08:36:30,158,50.8,46.2,31.8,73.9,11.2,2049,77.7,42.8,28,35.5,3.89,40,FF:04:00:15:2A:16,KT-838
22/02/2026 07:43:52,158,50.8,46.2,31.8,73.9,11.2,2049,77.7,42.8,28,35.5,3.89,40,FF:04:00:15:2A:16,KT-838
21/02/2026 07:07:57,158.4,50.9,46.3,31.7,73.7,11.1,2046,77.7,43,28,35.4,3.89,40,FF:04:00:15:2A:16,KT-838
21/02/2026 07:05:49,158.4,50.9,46.3,31.7,73.9,11.2,2049,77.7,42.9,28,35.4,3.89,40,FF:04:00:15:2A:16,KT-838
21/02/2026 07:04:51,158.4,50.9,46.3,31.7,73.7,11.1,2046,77.7,43,28,35.4,3.89,40,FF:04:00:15:2A:16,KT-838
21/02/2026 07:03:43,158.4,- -,46.3,- -,- -,- -,- -,- -,- -,- -,- -,- -,- -,FF:04:00:15:2A:16,KT-838
20/02/2026 21:43:47,159.6,- -,46.6,- -,- -,- -,- -,- -,- -,- -,- -,- -,- -,FF:04:00:15:2A:16,KT-838
20/02/2026 21:39:50,159.3,51.3,46.5,31.5,73.7,11,2045,77.7,43.2,28,35.2,3.89,40,FF:04:00:15:2A:16,KT-838
20/02/2026 21:39:25,159.1,- -,46.5,- -,- -,- -,- -,- -,- -,- -,- -,- -,- -,FF:04:00:15:2A:16,KT-838
20/02/2026 21:37:31,159.3,51.3,46.5,31.5,73.9,11.1,2049,77.7,43.1,28,35.2,3.89,40,FF:04:00:15:2A:16,KT-838
20/02/2026 21:36:43,159.3,51.3,46.5,31.5,73.7,11.1,2045,77.6,43.2,28,35.2,3.88,40,FF:04:00:15:2A:16,KT-838
20/02/2026 21:36:14,159.3,- -,46.5,- -,- -,- -,- -,- -,- -,- -,- -,- -,- -,FF:04:00:15:2A:16,KT-838
20/02/2026 21:35:38,159.3,51.3,46.5,31.5,73.9,11.1,2049,77.7,43.1,28,35.2,3.89,40,FF:04:00:15:2A:16,KT-838
20/02/2026 21:35:07,159.6,- -,46.6,- -,- -,- -,- -,- -,- -,- -,- -,- -,- -,FF:04:00:15:2A:16,KT-838
20/02/2026 21:34:47,159.3,- -,46.5,- -,- -,- -,- -,- -,- -,- -,- -,- -,- -,FF:04:00:15:2A:16,KT-838
20/02/2026 21:34:30,159.6,- -,46.6,- -,- -,- -,- -,- -,- -,- -,- -,- -,- -,FF:04:00:15:2A:16,KT-838
20/02/2026 06:39:01,158.5,51,46.3,31.7,73.9,11.3,2050,77.7,42.9,28,35.4,3.89,40,FF:04:00:15:2A:16,KT-838
20/02/2026 06:38:28,158.7,51.1,46.4,31.6,73.7,11.2,2046,77.6,43.1,28,35.3,3.88,40,FF:04:00:15:2A:16,KT-838
20/02/2026 06:37:27,158.7,51,46.4,31.6,73.7,11.2,2046,77.6,43.1,28,35.3,3.88,40,FF:04:00:15:2A:16,KT-838
20/02/2026 06:36:52,158.7,51.1,46.4,31.6,73.7,11.2,2046,77.6,43.1,28,35.3,3.88,40,FF:04:00:15:2A:16,KT-838
19/02/2026 21:43:10,158.8,51.1,46.4,31.6,73.8,11.2,2047,77.6,43,28,35.3,3.88,40,FF:04:00:15:2A:16,KT-838
19/02/2026 21:40:17,157.5,50.6,46,31.9,73.9,11.3,2050,77.8,42.6,28,35.7,3.89,41,FF:04:00:15:2A:16,KT-838
19/02/2026 21:37:25,158.6,51.1,46.3,31.6,73.7,11.1,2045,77.6,43.1,28,35.3,3.88,41,FF:04:00:15:2A:16,KT-838
19/02/2026 21:36:15,158.8,51.2,46.4,31.5,73.6,11.1,2043,77.5,43.1,28,35.2,3.88,41,FF:04:00:15:2A:16,KT-838