09,05
шея 41
грудь 126
талия 138,5


25.05.2026
талия 130
грудь 122
бедро 66
шея 41
бицепс 41

01.06.2026
талия 128
грудь 122
бедро 66
шея 41
бицепс 44


02,06,2026
талия 127
грудь 122
бедро 66
бицепс 41
шея 41

22.06.2026

талия 123
грудь 117
бедро 63
шея 38
бицепс 41
таз 121,5

13.07.2026

талия 119
грудь 115
таз 114
бедро 58
шея 38
бицепс 41

15.08.2026

талия  119
грудь  115
таз		113-114
бедро	60
шея		39-40
бицепс	40-41

20.08.2026

талия 119
грудь 115
таз 114
бедро 60
шея 40
бицепс 40
